{"start_time": 1643020889.862592, "end_time": 1643028089.862379, "recording_frequency": 10}